City,Department,Description,Hours,Loc_lat,Loc_long,Location,Salary,Title
Baltimore,Management,"b'McDonalds company-owned and independent Owner-Operator restaurants are staffed by great people, and right now were looking for more of them. People with lots to offer. People like you. If youre interested (and we sure hope you are), lets get together.'",,39.336698,-76.712922,"6005 Liberty Road,  ZIP:- 21207",VARIES,Salaried
Baltimore,Management,"b'McDonalds company-owned and independent Owner-Operator restaurants are staffed by great people, and right now were looking for more of them. People with lots to offer. People like you. If youre interested (and we sure hope you are), lets get together.'",,39.289411,-76.61348,"P.O. Box 1449,  ZIP:- 21146",VARIES,Salaried
Baltimore,Management,"b'McDonalds company-owned and independent Owner-Operator restaurants are staffed by great people, and right now were looking for more of them. People with lots to offer. People like you. If youre interested (and we sure hope you are), lets get together.'",,39.33941,-76.667958,"4401 Riesterstown Road,  ZIP:- 21215",VARIES,Salaried
Baltimore,Management,"b'McDonalds company-owned and independent Owner-Operator restaurants are staffed by great people, and right now were looking for more of them. People with lots to offer. People like you. If youre interested (and we sure hope you are), lets get together.'",,39.312452,-76.737698,"6650 Security Blvd,  ZIP:- 21207",VARIES,Salaried
Baltimore,Management,"b'McDonalds company-owned and independent Owner-Operator restaurants are staffed by great people, and right now were looking for more of them. People with lots to offer. People like you. If youre interested (and we sure hope you are), lets get together.'",,39.284708,-76.752486,"1011 North Rolling Road,  ZIP:- 21228",VARIES,Salaried
Baltimore,Management,"b'McDonalds company-owned and independent Owner-Operator restaurants are staffed by great people, and right now were looking for more of them. People with lots to offer. People like you. If youre interested (and we sure hope you are), lets get together.'",,39.288543,-76.727557,"5637 Baltimore National Pike,  ZIP:- 21228",VARIES,Salaried
Baltimore,Maintenance,"b'McDonalds company-owned and independent Owner-Operator restaurants are staffed by great people, and right now were looking for more of them. People with lots to offer. People like you. If youre interested (and we sure hope you are), lets get together.'",allShifts,39.271878,-76.470854,"3954 North Point Blvd.,  ZIP:- 21222",varies,Maintenance Person
Baltimore,Management,b'companyOwner',allShifts,39.2713976,-76.56038280000001,"5600 New O'Donnell Street Cutoff,  ZIP:- 21224",$11.00+,$11.00+
Baltimore,Management,b'companyOwner',allShifts,39.337771,-76.402523,"3423 Eastern Boulevard,  ZIP:- 21220",$11.00+,$11.00+
Baltimore,Management,b'companyOwner',allShifts,39.291563,-76.50794780000001,"1020 Northpoint Blvd,  ZIP:- 21224",$11.00+,$11.00+
Baltimore,Crew,b'companyOwner',allShifts,39.2713976,-76.56038280000001,"5600 New O'Donnell Street Cutoff,  ZIP:- 21224",$9.00+,Crew $9.00+
Baltimore,Crew,b'companyOwner',allShifts,39.337771,-76.402523,"3423 Eastern Boulevard,  ZIP:- 21220",$9.00+,Crew $9.00+
Baltimore,Crew,b'companyOwner',allShifts,39.291563,-76.50794780000001,"1020 Northpoint Blvd,  ZIP:- 21224",$9.00+,Crew $9.00+
Baltimore,Management,"b'McDonalds company-owned and independent Owner-Operator restaurants are staffed by great people, and right now were looking for more of them. People with lots to offer. People like you. If youre interested (and we sure hope you are), lets get together.'",,39.310641,-76.617139,"15 West North Avenue,  ZIP:- 21201",Based on Experience,Immediate Openings First Assistant Managers
Baltimore,Management,"b'McDonalds company-owned and independent Owner-Operator restaurants are staffed by great people, and right now were looking for more of them. People with lots to offer. People like you. If youre interested (and we sure hope you are), lets get together.'",,39.340528,-76.590571,"P.O. Box 72659,  ZIP:- 21237",Based on Experience,Immediate Openings First Assistant Managers
Baltimore,Management,"b'McDonalds company-owned and independent Owner-Operator restaurants are staffed by great people, and right now were looking for more of them. People with lots to offer. People like you. If youre interested (and we sure hope you are), lets get together.'",,39.290334,-76.619251,"25 N Howard St,  ZIP:- 21202",Based on Experience,Immediate Openings First Assistant Managers
Baltimore,Management,"b'McDonalds company-owned and independent Owner-Operator restaurants are staffed by great people, and right now were looking for more of them. People with lots to offer. People like you. If youre interested (and we sure hope you are), lets get together.'",,39.342813,-76.568476,"P.O. Box 72659,  ZIP:- 21237",Based on Experience,Immediate Openings First Assistant Managers
Baltimore,Management,"b'McDonalds company-owned and independent Owner-Operator restaurants are staffed by great people, and right now were looking for more of them. People with lots to offer. People like you. If youre interested (and we sure hope you are), lets get together.'",,39.342813,-76.568476,"P.O. Box 72659,  ZIP:- 21237",Based on Experience,Building Services Specialist - FT
Baltimore,Management,"b'McDonalds company-owned and independent Owner-Operator restaurants are staffed by great people, and right now were looking for more of them. People with lots to offer. People like you. If youre interested (and we sure hope you are), lets get together.'",,39.290334,-76.619251,"25 N Howard St,  ZIP:- 21202",Based on Experience,Building Services Specialist - FT
Baltimore,Management,"b'McDonalds company-owned and independent Owner-Operator restaurants are staffed by great people, and right now were looking for more of them. People with lots to offer. People like you. If youre interested (and we sure hope you are), lets get together.'",,39.310641,-76.617139,"15 West North Avenue,  ZIP:- 21201",Based on Experience,Building Services Specialist - FT
Baltimore,Management,"b'McDonalds company-owned and independent Owner-Operator restaurants are staffed by great people, and right now were looking for more of them. People with lots to offer. People like you. If youre interested (and we sure hope you are), lets get together.'",,39.340528,-76.590571,"P.O. Box 72659,  ZIP:- 21237",Based on Experience,Building Services Specialist - FT
Baltimore,Crew,"b'McDonalds company-owned and independent Owner-Operator restaurants are staffed by great people, and right now were looking for more of them. People with lots to offer. People like you. If youre interested (and we sure hope you are), lets get together.'",allShifts,39.280542,-76.671423,"3249 Frederick Drive,  ZIP:- 21229",Based on availablity,Crew
Baltimore,Crew,"b'McDonalds company-owned and independent Owner-Operator restaurants are staffed by great people, and right now were looking for more of them. People with lots to offer. People like you. If youre interested (and we sure hope you are), lets get together.'",allShifts,39.288543,-76.727557,"5637 Baltimore National Pike,  ZIP:- 21228",Based on experience,Crew
Baltimore,Crew,"b'McDonalds company-owned and independent Owner-Operator restaurants are staffed by great people, and right now were looking for more of them. People with lots to offer. People like you. If youre interested (and we sure hope you are), lets get together.'",allShifts,39.280542,-76.671423,"3249 Frederick Drive,  ZIP:- 21229",Based on Availablity,Crew
Baltimore,Crew,"b'McDonalds company-owned and independent Owner-Operator restaurants are staffed by great people, and right now were looking for more of them. People with lots to offer. People like you. If youre interested (and we sure hope you are), lets get together.'",allShifts,39.270342,-76.680767,"3619 Wilkens Avenue,  ZIP:- 21229",,Crew
Baltimore,Crew,"b'McDonalds company-owned and independent Owner-Operator restaurants are staffed by great people, and right now were looking for more of them. People with lots to offer. People like you. If youre interested (and we sure hope you are), lets get together.'",allShifts,39.280542,-76.671423,"3249 Frederick Drive,  ZIP:- 21229",Premium,Crew
Baltimore,Crew,"b'McDonalds company-owned and independent Owner-Operator restaurants are staffed by great people, and right now were looking for more of them. People with lots to offer. People like you. If youre interested (and we sure hope you are), lets get together.'",allShifts,39.288543,-76.727557,"5637 Baltimore National Pike,  ZIP:- 21228",on experience,Crew
Baltimore,Crew,"b'McDonalds company-owned and independent Owner-Operator restaurants are staffed by great people, and right now were looking for more of them. People with lots to offer. People like you. If youre interested (and we sure hope you are), lets get together.'",allShifts,39.288543,-76.727557,"5637 Baltimore National Pike,  ZIP:- 21228",,Crew
Baltimore,Crew,"b'McDonalds company-owned and independent Owner-Operator restaurants are staffed by great people, and right now were looking for more of them. People with lots to offer. People like you. If youre interested (and we sure hope you are), lets get together.'",allShifts,39.313688,-76.596111,"LAVAN ENTERPRISES INC.,  ZIP:- 21094",TBD,Crew
Baltimore,Crew,"b'McDonalds company-owned and independent Owner-Operator restaurants are staffed by great people, and right now were looking for more of them. People with lots to offer. People like you. If youre interested (and we sure hope you are), lets get together.'",allShifts,39.313418,-76.749116,"1655 Belmont Avenue,  ZIP:- 21207",Minimum wage,Crew
Baltimore,Crew,"b'McDonalds company-owned and independent Owner-Operator restaurants are staffed by great people, and right now were looking for more of them. People with lots to offer. People like you. If youre interested (and we sure hope you are), lets get together.'",allShifts,39.33941,-76.667958,"4401 Riesterstown Road,  ZIP:- 21215",,Crew
Baltimore,Crew,"b'McDonalds company-owned and independent Owner-Operator restaurants are staffed by great people, and right now were looking for more of them. People with lots to offer. People like you. If youre interested (and we sure hope you are), lets get together.'",allShifts,39.313418,-76.749116,"1655 Belmont Avenue,  ZIP:- 21207",Premium,Crew
Baltimore,Crew,"b'McDonalds company-owned and independent Owner-Operator restaurants are staffed by great people, and right now were looking for more of them. People with lots to offer. People like you. If youre interested (and we sure hope you are), lets get together.'",lateNightShift,39.310641,-76.617139,"15 West North Avenue,  ZIP:- 21201",Based on Experience,Crew
Baltimore,Crew,"b'McDonalds company-owned and independent Owner-Operator restaurants are staffed by great people, and right now were looking for more of them. People with lots to offer. People like you. If youre interested (and we sure hope you are), lets get together.'",allShifts,39.340528,-76.590571,"P.O. Box 72659,  ZIP:- 21237",Competitive,Crew
Baltimore,Crew,"b'McDonalds company-owned and independent Owner-Operator restaurants are staffed by great people, and right now were looking for more of them. People with lots to offer. People like you. If youre interested (and we sure hope you are), lets get together.'",allShifts,39.284708,-76.752486,"1011 North Rolling Road,  ZIP:- 21228",Based on experience,Crew
Baltimore,Crew,"b'McDonalds company-owned and independent Owner-Operator restaurants are staffed by great people, and right now were looking for more of them. People with lots to offer. People like you. If youre interested (and we sure hope you are), lets get together.'",allShifts,39.312452,-76.737698,"6650 Security Blvd,  ZIP:- 21207",,Crew
Baltimore,Crew,"b'McDonalds company-owned and independent Owner-Operator restaurants are staffed by great people, and right now were looking for more of them. People with lots to offer. People like you. If youre interested (and we sure hope you are), lets get together.'",allShifts,39.289411,-76.61348,"P.O. Box 1449,  ZIP:- 21146",,Crew
Baltimore,Crew,"b'McDonalds company-owned and independent Owner-Operator restaurants are staffed by great people, and right now were looking for more of them. People with lots to offer. People like you. If youre interested (and we sure hope you are), lets get together.'",allShifts,39.290334,-76.619251,"25 N Howard St,  ZIP:- 21202",Based on Experience,Crew
Baltimore,Crew,"b'McDonalds company-owned and independent Owner-Operator restaurants are staffed by great people, and right now were looking for more of them. People with lots to offer. People like you. If youre interested (and we sure hope you are), lets get together.'",allShifts,39.342813,-76.568476,"P.O. Box 72659,  ZIP:- 21237",Competitive,Crew
Baltimore,Crew,"b'McDonalds company-owned and independent Owner-Operator restaurants are staffed by great people, and right now were looking for more of them. People with lots to offer. People like you. If youre interested (and we sure hope you are), lets get together.'",allShifts,39.342813,-76.568476,"P.O. Box 72659,  ZIP:- 21237",Based on Experience,Crew
Baltimore,Crew,"b'McDonalds company-owned and independent Owner-Operator restaurants are staffed by great people, and right now were looking for more of them. People with lots to offer. People like you. If youre interested (and we sure hope you are), lets get together.'",allShifts,39.312452,-76.737698,"6650 Security Blvd,  ZIP:- 21207",,Crew
Baltimore,Crew,"b'McDonalds company-owned and independent Owner-Operator restaurants are staffed by great people, and right now were looking for more of them. People with lots to offer. People like you. If youre interested (and we sure hope you are), lets get together.'",allShifts,39.342813,-76.568476,"P.O. Box 72659,  ZIP:- 21237",Based on Experience,Crew
Baltimore,Crew,"b'McDonalds company-owned and independent Owner-Operator restaurants are staffed by great people, and right now were looking for more of them. People with lots to offer. People like you. If youre interested (and we sure hope you are), lets get together.'",allShifts,39.340528,-76.590571,"P.O. Box 72659,  ZIP:- 21237",Based on Experience,Crew
Baltimore,Crew,"b'McDonalds company-owned and independent Owner-Operator restaurants are staffed by great people, and right now were looking for more of them. People with lots to offer. People like you. If youre interested (and we sure hope you are), lets get together.'",allShifts,39.312452,-76.737698,"6650 Security Blvd,  ZIP:- 21207",,Crew
Baltimore,Crew,"b'McDonalds company-owned and independent Owner-Operator restaurants are staffed by great people, and right now were looking for more of them. People with lots to offer. People like you. If youre interested (and we sure hope you are), lets get together.'",allShifts,39.340528,-76.590571,"P.O. Box 72659,  ZIP:- 21237",Based on Experience,Crew
Baltimore,Crew,"b'McDonalds company-owned and independent Owner-Operator restaurants are staffed by great people, and right now were looking for more of them. People with lots to offer. People like you. If youre interested (and we sure hope you are), lets get together.'",allShifts,39.336698,-76.712922,"6005 Liberty Road,  ZIP:- 21207",on experience,Crew
Baltimore,Crew,"b'McDonalds company-owned and independent Owner-Operator restaurants are staffed by great people, and right now were looking for more of them. People with lots to offer. People like you. If youre interested (and we sure hope you are), lets get together.'",allShifts,39.336698,-76.712922,"6005 Liberty Road,  ZIP:- 21207",,Crew
Baltimore,Crew,"b'McDonalds company-owned and independent Owner-Operator restaurants are staffed by great people, and right now were looking for more of them. People with lots to offer. People like you. If youre interested (and we sure hope you are), lets get together.'",eveningShift,39.271601,-76.602161,"LAVAN ENTERPRISES INC.,  ZIP:- 21094",TBD,Crew
Baltimore,Crew,"b'McDonalds company-owned and independent Owner-Operator restaurants are staffed by great people, and right now were looking for more of them. People with lots to offer. People like you. If youre interested (and we sure hope you are), lets get together.'",allShifts,39.336698,-76.712922,"6005 Liberty Road,  ZIP:- 21207",,Crew
Baltimore,Crew,"b'McDonalds company-owned and independent Owner-Operator restaurants are staffed by great people, and right now were looking for more of them. People with lots to offer. People like you. If youre interested (and we sure hope you are), lets get together.'",allShifts,39.310641,-76.617139,"15 West North Avenue,  ZIP:- 21201",TBD,Crew
Baltimore,Crew,"b'McDonalds company-owned and independent Owner-Operator restaurants are staffed by great people, and right now were looking for more of them. People with lots to offer. People like you. If youre interested (and we sure hope you are), lets get together.'",allShifts,39.336698,-76.712922,"6005 Liberty Road,  ZIP:- 21207",,Crew
Baltimore,Crew,"b'McDonalds company-owned and independent Owner-Operator restaurants are staffed by great people, and right now were looking for more of them. People with lots to offer. People like you. If youre interested (and we sure hope you are), lets get together.'",allShifts,39.310641,-76.617139,"15 West North Avenue,  ZIP:- 21201",Based on Experience,Crew
Baltimore,Crew,"b'McDonalds company-owned and independent Owner-Operator restaurants are staffed by great people, and right now were looking for more of them. People with lots to offer. People like you. If youre interested (and we sure hope you are), lets get together.'",allShifts,39.292978,-76.656737,"2501 W. Franklin St.,  ZIP:- 21223",Based on availablity,Crew
Baltimore,Crew,"b'McDonalds company-owned and independent Owner-Operator restaurants are staffed by great people, and right now were looking for more of them. People with lots to offer. People like you. If youre interested (and we sure hope you are), lets get together.'",allShifts,39.28911,-76.622133,"425 W Baltimore Street,  ZIP:- 21201",Minimum wage,Crew
Baltimore,Crew,"b'McDonalds company-owned and independent Owner-Operator restaurants are staffed by great people, and right now were looking for more of them. People with lots to offer. People like you. If youre interested (and we sure hope you are), lets get together.'",allShifts,39.292978,-76.656737,"2501 W. Franklin St.,  ZIP:- 21223",Based on availablity,Crew
Baltimore,Crew,"b'McDonalds company-owned and independent Owner-Operator restaurants are staffed by great people, and right now were looking for more of them. People with lots to offer. People like you. If youre interested (and we sure hope you are), lets get together.'",allShifts,39.310641,-76.617139,"15 West North Avenue,  ZIP:- 21201",Based on Experience,Crew
Baltimore,Crew,"b'McDonalds company-owned and independent Owner-Operator restaurants are staffed by great people, and right now were looking for more of them. People with lots to offer. People like you. If youre interested (and we sure hope you are), lets get together.'",allShifts,39.292978,-76.656737,"2501 W. Franklin St.,  ZIP:- 21223",Premium,Crew
Baltimore,Crew,"b'McDonalds company-owned and independent Owner-Operator restaurants are staffed by great people, and right now were looking for more of them. People with lots to offer. People like you. If youre interested (and we sure hope you are), lets get together.'",allShifts,39.28911,-76.622133,"425 W Baltimore Street,  ZIP:- 21201",Based on availablity,Crew
Baltimore,Crew,"b'McDonalds company-owned and independent Owner-Operator restaurants are staffed by great people, and right now were looking for more of them. People with lots to offer. People like you. If youre interested (and we sure hope you are), lets get together.'",allShifts,39.28911,-76.622133,"425 W Baltimore Street,  ZIP:- 21201",Based on availablity,Crew
Baltimore,Crew,"b'McDonalds company-owned and independent Owner-Operator restaurants are staffed by great people, and right now were looking for more of them. People with lots to offer. People like you. If youre interested (and we sure hope you are), lets get together.'",allShifts,39.33941,-76.667958,"4401 Riesterstown Road,  ZIP:- 21215",on experience,Crew
Baltimore,Crew,"b'McDonalds company-owned and independent Owner-Operator restaurants are staffed by great people, and right now were looking for more of them. People with lots to offer. People like you. If youre interested (and we sure hope you are), lets get together.'",allShifts,39.289411,-76.61348,"P.O. Box 1449,  ZIP:- 21146",on experience,Crew
Baltimore,Crew,"b'McDonalds company-owned and independent Owner-Operator restaurants are staffed by great people, and right now were looking for more of them. People with lots to offer. People like you. If youre interested (and we sure hope you are), lets get together.'",allShifts,39.238874,-76.611871,"101 W. Patapsco Ave,  ZIP:- 21225",Based on Availablity,Crew
Baltimore,Crew,"b'McDonalds company-owned and independent Owner-Operator restaurants are staffed by great people, and right now were looking for more of them. People with lots to offer. People like you. If youre interested (and we sure hope you are), lets get together.'",allShifts,39.238874,-76.611871,"101 W. Patapsco Ave,  ZIP:- 21225",Minimum wage,Crew
Baltimore,Crew,"b'McDonalds company-owned and independent Owner-Operator restaurants are staffed by great people, and right now were looking for more of them. People with lots to offer. People like you. If youre interested (and we sure hope you are), lets get together.'",allShifts,39.289411,-76.61348,"P.O. Box 1449,  ZIP:- 21146",Based on experience,Crew
Baltimore,Crew,"b'McDonalds company-owned and independent Owner-Operator restaurants are staffed by great people, and right now were looking for more of them. People with lots to offer. People like you. If youre interested (and we sure hope you are), lets get together.'",allShifts,39.289411,-76.61348,"P.O. Box 1449,  ZIP:- 21146",,Crew
Baltimore,Crew,"b'McDonalds company-owned and independent Owner-Operator restaurants are staffed by great people, and right now were looking for more of them. People with lots to offer. People like you. If youre interested (and we sure hope you are), lets get together.'",allShifts,39.287944,-76.536955,"P.O. Box 497,  ZIP:- 21029","Negotiable, based upon experience.",Crew
Baltimore,Crew,"b'McDonalds company-owned and independent Owner-Operator restaurants are staffed by great people, and right now were looking for more of them. People with lots to offer. People like you. If youre interested (and we sure hope you are), lets get together.'",allShifts,39.284708,-76.752486,"1011 North Rolling Road,  ZIP:- 21228",,Crew
Baltimore,Crew,"b'McDonalds company-owned and independent Owner-Operator restaurants are staffed by great people, and right now were looking for more of them. People with lots to offer. People like you. If youre interested (and we sure hope you are), lets get together.'",allShifts,39.238874,-76.611871,"101 W. Patapsco Ave,  ZIP:- 21225",Premium,Crew
Baltimore,Crew,"b'McDonalds company-owned and independent Owner-Operator restaurants are staffed by great people, and right now were looking for more of them. People with lots to offer. People like you. If youre interested (and we sure hope you are), lets get together.'",allShifts,39.284708,-76.752486,"1011 North Rolling Road,  ZIP:- 21228",,Crew
Baltimore,Crew,"b'McDonalds company-owned and independent Owner-Operator restaurants are staffed by great people, and right now were looking for more of them. People with lots to offer. People like you. If youre interested (and we sure hope you are), lets get together.'",eveningShift,39.179485,-76.66862,"LAVAN ENTERPRISES, INC,  ZIP:- 21094",TBD,Crew
Baltimore,Crew,"b'McDonalds company-owned and independent Owner-Operator restaurants are staffed by great people, and right now were looking for more of them. People with lots to offer. People like you. If youre interested (and we sure hope you are), lets get together.'",allShifts,39.179485,-76.66862,"LAVAN ENTERPRISES, INC,  ZIP:- 21094",TBD,Crew
Baltimore,Crew,"b'McDonalds company-owned and independent Owner-Operator restaurants are staffed by great people, and right now were looking for more of them. People with lots to offer. People like you. If youre interested (and we sure hope you are), lets get together.'",allShifts,39.313418,-76.749116,"1655 Belmont Avenue,  ZIP:- 21207",Based on Availablity,Crew
Baltimore,Crew,"b'McDonalds company-owned and independent Owner-Operator restaurants are staffed by great people, and right now were looking for more of them. People with lots to offer. People like you. If youre interested (and we sure hope you are), lets get together.'",allShifts,39.256965,-76.663815,"3223 Washington Boulevard,  ZIP:- 21230",,Crew
Baltimore,Crew,"b'McDonalds company-owned and independent Owner-Operator restaurants are staffed by great people, and right now were looking for more of them. People with lots to offer. People like you. If youre interested (and we sure hope you are), lets get together.'",openingShift,39.179485,-76.66862,"LAVAN ENTERPRISES, INC,  ZIP:- 21094",TBD,Crew
Baltimore,Crew,"b'McDonalds company-owned and independent Owner-Operator restaurants are staffed by great people, and right now were looking for more of them. People with lots to offer. People like you. If youre interested (and we sure hope you are), lets get together.'",allShifts,39.292978,-76.656737,"2501 W. Franklin St.,  ZIP:- 21223",Based on Availablity,Crew
Baltimore,Crew,"b'McDonalds company-owned and independent Owner-Operator restaurants are staffed by great people, and right now were looking for more of them. People with lots to offer. People like you. If youre interested (and we sure hope you are), lets get together.'",allShifts,39.28911,-76.622133,"425 W Baltimore Street,  ZIP:- 21201",Based on Availablity,Crew
Baltimore,Crew,"b'McDonalds company-owned and independent Owner-Operator restaurants are staffed by great people, and right now were looking for more of them. People with lots to offer. People like you. If youre interested (and we sure hope you are), lets get together.'",allShifts,39.280542,-76.671423,"3249 Frederick Drive,  ZIP:- 21229",Minimum wage,Crew
Baltimore,Crew,"b'McDonalds company-owned and independent Owner-Operator restaurants are staffed by great people, and right now were looking for more of them. People with lots to offer. People like you. If youre interested (and we sure hope you are), lets get together.'",allShifts,39.288543,-76.727557,"5637 Baltimore National Pike,  ZIP:- 21228",,Crew
Baltimore,Crew,"b'McDonalds company-owned and independent Owner-Operator restaurants are staffed by great people, and right now were looking for more of them. People with lots to offer. People like you. If youre interested (and we sure hope you are), lets get together.'",allShifts,39.288543,-76.727557,"5637 Baltimore National Pike,  ZIP:- 21228",,Crew
Baltimore,Crew,"b'McDonalds company-owned and independent Owner-Operator restaurants are staffed by great people, and right now were looking for more of them. People with lots to offer. People like you. If youre interested (and we sure hope you are), lets get together.'",allShifts,39.313418,-76.749116,"1655 Belmont Avenue,  ZIP:- 21207",Based on availablity,Crew
Baltimore,Crew,"b'McDonalds company-owned and independent Owner-Operator restaurants are staffed by great people, and right now were looking for more of them. People with lots to offer. People like you. If youre interested (and we sure hope you are), lets get together.'",allShifts,39.33941,-76.667958,"4401 Riesterstown Road,  ZIP:- 21215",,Crew
Baltimore,Crew,"b'McDonalds company-owned and independent Owner-Operator restaurants are staffed by great people, and right now were looking for more of them. People with lots to offer. People like you. If youre interested (and we sure hope you are), lets get together.'",allShifts,39.33941,-76.667958,"4401 Riesterstown Road,  ZIP:- 21215",,Crew
Baltimore,Crew,"b'McDonalds company-owned and independent Owner-Operator restaurants are staffed by great people, and right now were looking for more of them. People with lots to offer. People like you. If youre interested (and we sure hope you are), lets get together.'",allShifts,39.33941,-76.667958,"4401 Riesterstown Road,  ZIP:- 21215",,Crew
Baltimore,Crew,"b'McDonalds company-owned and independent Owner-Operator restaurants are staffed by great people, and right now were looking for more of them. People with lots to offer. People like you. If youre interested (and we sure hope you are), lets get together.'",allShifts,39.33941,-76.667958,"4401 Riesterstown Road,  ZIP:- 21215",Based on experience,Crew
Baltimore,Crew,"b'McDonalds company-owned and independent Owner-Operator restaurants are staffed by great people, and right now were looking for more of them. People with lots to offer. People like you. If youre interested (and we sure hope you are), lets get together.'",allShifts,39.313418,-76.749116,"1655 Belmont Avenue,  ZIP:- 21207",Based on availablity,Crew
Baltimore,Crew,"b'McDonalds company-owned and independent Owner-Operator restaurants are staffed by great people, and right now were looking for more of them. People with lots to offer. People like you. If youre interested (and we sure hope you are), lets get together.'",allShifts,39.310641,-76.617139,"15 West North Avenue,  ZIP:- 21201",Based on Experience,Crew
Baltimore,Crew,"b'McDonalds company-owned and independent Owner-Operator restaurants are staffed by great people, and right now were looking for more of them. People with lots to offer. People like you. If youre interested (and we sure hope you are), lets get together.'",allShifts,39.284708,-76.752486,"1011 North Rolling Road,  ZIP:- 21228",on experience,Crew
Baltimore,Crew,"b'McDonalds company-owned and independent Owner-Operator restaurants are staffed by great people, and right now were looking for more of them. People with lots to offer. People like you. If youre interested (and we sure hope you are), lets get together.'",allShifts,39.312452,-76.737698,"6650 Security Blvd,  ZIP:- 21207",on experience,Crew
Baltimore,Crew,"b'McDonalds company-owned and independent Owner-Operator restaurants are staffed by great people, and right now were looking for more of them. People with lots to offer. People like you. If youre interested (and we sure hope you are), lets get together.'",allShifts,39.312452,-76.737698,"6650 Security Blvd,  ZIP:- 21207",Based on experience,Crew
Baltimore,Crew,"b'McDonalds company-owned and independent Owner-Operator restaurants are staffed by great people, and right now were looking for more of them. People with lots to offer. People like you. If youre interested (and we sure hope you are), lets get together.'",allShifts,39.290334,-76.619251,"25 N Howard St,  ZIP:- 21202",TBD,Crew
Baltimore,Crew,"b'McDonalds company-owned and independent Owner-Operator restaurants are staffed by great people, and right now were looking for more of them. People with lots to offer. People like you. If youre interested (and we sure hope you are), lets get together.'",lateNightShift,39.342813,-76.568476,"P.O. Box 72659,  ZIP:- 21237",Based on Experience,Crew
Baltimore,Crew,"b'McDonalds company-owned and independent Owner-Operator restaurants are staffed by great people, and right now were looking for more of them. People with lots to offer. People like you. If youre interested (and we sure hope you are), lets get together.'",allShifts,39.340528,-76.590571,"P.O. Box 72659,  ZIP:- 21237",Based on Experience,Crew
Baltimore,Crew,"b'McDonalds company-owned and independent Owner-Operator restaurants are staffed by great people, and right now were looking for more of them. People with lots to offer. People like you. If youre interested (and we sure hope you are), lets get together.'",allShifts,39.312452,-76.737698,"6650 Security Blvd,  ZIP:- 21207",,Crew
Baltimore,Crew,"b'McDonalds company-owned and independent Owner-Operator restaurants are staffed by great people, and right now were looking for more of them. People with lots to offer. People like you. If youre interested (and we sure hope you are), lets get together.'",allShifts,39.290334,-76.619251,"25 N Howard St,  ZIP:- 21202",Based on Experience,Crew
Baltimore,Crew,"b'McDonalds company-owned and independent Owner-Operator restaurants are staffed by great people, and right now were looking for more of them. People with lots to offer. People like you. If youre interested (and we sure hope you are), lets get together.'",allShifts,39.269102,-76.50039,"7734 Wise Avenue,  ZIP:- 21222",varies,Crew
Baltimore,Crew,"b'McDonalds company-owned and independent Owner-Operator restaurants are staffed by great people, and right now were looking for more of them. People with lots to offer. People like you. If youre interested (and we sure hope you are), lets get together.'",allShifts,39.313688,-76.596111,"LAVAN ENTERPRISES INC.,  ZIP:- 21094",TBD,Crew
Baltimore,Crew,"b'McDonalds company-owned and independent Owner-Operator restaurants are staffed by great people, and right now were looking for more of them. People with lots to offer. People like you. If youre interested (and we sure hope you are), lets get together.'",allShifts,39.340528,-76.590571,"P.O. Box 72659,  ZIP:- 21237",TBD,Crew
Baltimore,Crew,"b'McDonalds company-owned and independent Owner-Operator restaurants are staffed by great people, and right now were looking for more of them. People with lots to offer. People like you. If youre interested (and we sure hope you are), lets get together.'",eveningShift,39.313688,-76.596111,"LAVAN ENTERPRISES INC.,  ZIP:- 21094",TBD,Crew
Baltimore,Crew,"b'McDonalds company-owned and independent Owner-Operator restaurants are staffed by great people, and right now were looking for more of them. People with lots to offer. People like you. If youre interested (and we sure hope you are), lets get together.'",allShifts,39.342813,-76.568476,"P.O. Box 72659,  ZIP:- 21237",TBD,Crew
Baltimore,Crew,"b'McDonalds company-owned and independent Owner-Operator restaurants are staffed by great people, and right now were looking for more of them. People with lots to offer. People like you. If youre interested (and we sure hope you are), lets get together.'",lateNightShift,39.340528,-76.590571,"P.O. Box 72659,  ZIP:- 21237",Based on Experience,Crew
Baltimore,Crew,"b'McDonalds company-owned and independent Owner-Operator restaurants are staffed by great people, and right now were looking for more of them. People with lots to offer. People like you. If youre interested (and we sure hope you are), lets get together.'",allShifts,39.340528,-76.590571,"P.O. Box 72659,  ZIP:- 21237",Based on Experience,Crew
Baltimore,Crew,"b'McDonalds company-owned and independent Owner-Operator restaurants are staffed by great people, and right now were looking for more of them. People with lots to offer. People like you. If youre interested (and we sure hope you are), lets get together.'",allShifts,39.342813,-76.568476,"P.O. Box 72659,  ZIP:- 21237",Based on Experience,Crew
Baltimore,Crew,"b'McDonalds company-owned and independent Owner-Operator restaurants are staffed by great people, and right now were looking for more of them. People with lots to offer. People like you. If youre interested (and we sure hope you are), lets get together.'",allShifts,39.342813,-76.568476,"P.O. Box 72659,  ZIP:- 21237",Based on Experience,Crew
Baltimore,Crew,"b'McDonalds company-owned and independent Owner-Operator restaurants are staffed by great people, and right now were looking for more of them. People with lots to offer. People like you. If youre interested (and we sure hope you are), lets get together.'",allShifts,39.271601,-76.602161,"LAVAN ENTERPRISES INC.,  ZIP:- 21094",TBD,Crew
Baltimore,Crew,"b'McDonalds company-owned and independent Owner-Operator restaurants are staffed by great people, and right now were looking for more of them. People with lots to offer. People like you. If youre interested (and we sure hope you are), lets get together.'",allShifts,39.310641,-76.617139,"15 West North Avenue,  ZIP:- 21201",Based on Experience,Crew
Baltimore,Crew,"b'McDonalds company-owned and independent Owner-Operator restaurants are staffed by great people, and right now were looking for more of them. People with lots to offer. People like you. If youre interested (and we sure hope you are), lets get together.'",allShifts,39.336698,-76.712922,"6005 Liberty Road,  ZIP:- 21207",,Crew
Baltimore,Crew,"b'McDonalds company-owned and independent Owner-Operator restaurants are staffed by great people, and right now were looking for more of them. People with lots to offer. People like you. If youre interested (and we sure hope you are), lets get together.'",allShifts,39.336698,-76.712922,"6005 Liberty Road,  ZIP:- 21207",Based on experience,Crew
Baltimore,Crew,"b'McDonalds company-owned and independent Owner-Operator restaurants are staffed by great people, and right now were looking for more of them. People with lots to offer. People like you. If youre interested (and we sure hope you are), lets get together.'",allShifts,39.310641,-76.617139,"15 West North Avenue,  ZIP:- 21201",Competitive,Crew
Baltimore,Crew,"b'McDonalds company-owned and independent Owner-Operator restaurants are staffed by great people, and right now were looking for more of them. People with lots to offer. People like you. If youre interested (and we sure hope you are), lets get together.'",allShifts,39.28911,-76.622133,"425 W Baltimore Street,  ZIP:- 21201",Premium,Crew
Baltimore,Crew,"b'McDonalds company-owned and independent Owner-Operator restaurants are staffed by great people, and right now were looking for more of them. People with lots to offer. People like you. If youre interested (and we sure hope you are), lets get together.'",allShifts,39.289411,-76.61348,"P.O. Box 1449,  ZIP:- 21146",,Crew
Baltimore,Crew,"b'McDonalds company-owned and independent Owner-Operator restaurants are staffed by great people, and right now were looking for more of them. People with lots to offer. People like you. If youre interested (and we sure hope you are), lets get together.'",allShifts,39.280542,-76.671423,"3249 Frederick Drive,  ZIP:- 21229",Based on availablity,Crew
Baltimore,Crew,"b'McDonalds company-owned and independent Owner-Operator restaurants are staffed by great people, and right now were looking for more of them. People with lots to offer. People like you. If youre interested (and we sure hope you are), lets get together.'",allShifts,39.284708,-76.752486,"1011 North Rolling Road,  ZIP:- 21228",,Crew
Baltimore,Crew,"b'McDonalds company-owned and independent Owner-Operator restaurants are staffed by great people, and right now were looking for more of them. People with lots to offer. People like you. If youre interested (and we sure hope you are), lets get together.'",allShifts,39.288543,-76.727557,"5637 Baltimore National Pike,  ZIP:- 21228",,Crew
Baltimore,Crew,"b'McDonalds company-owned and independent Owner-Operator restaurants are staffed by great people, and right now were looking for more of them. People with lots to offer. People like you. If youre interested (and we sure hope you are), lets get together.'",allShifts,39.238874,-76.611871,"101 W. Patapsco Ave,  ZIP:- 21225",Based on availablity,Crew
Baltimore,Crew,"b'McDonalds company-owned and independent Owner-Operator restaurants are staffed by great people, and right now were looking for more of them. People with lots to offer. People like you. If youre interested (and we sure hope you are), lets get together.'",allShifts,39.238874,-76.611871,"101 W. Patapsco Ave,  ZIP:- 21225",Based on availablity,Crew
Baltimore,Crew,"b'McDonalds company-owned and independent Owner-Operator restaurants are staffed by great people, and right now were looking for more of them. People with lots to offer. People like you. If youre interested (and we sure hope you are), lets get together.'",allShifts,39.284708,-76.752486,"1011 North Rolling Road,  ZIP:- 21228",,Crew
Baltimore,Crew,"b'McDonalds company-owned and independent Owner-Operator restaurants are staffed by great people, and right now were looking for more of them. People with lots to offer. People like you. If youre interested (and we sure hope you are), lets get together.'",allShifts,39.289411,-76.61348,"P.O. Box 1449,  ZIP:- 21146",,Crew
Baltimore,Crew,"b'McDonalds company-owned and independent Owner-Operator restaurants are staffed by great people, and right now were looking for more of them. People with lots to offer. People like you. If youre interested (and we sure hope you are), lets get together.'",allShifts,39.290334,-76.619251,"25 N Howard St,  ZIP:- 21202",Competitive,Crew
Baltimore,Crew,"b'McDonalds company-owned and independent Owner-Operator restaurants are staffed by great people, and right now were looking for more of them. People with lots to offer. People like you. If youre interested (and we sure hope you are), lets get together.'",allShifts,39.290334,-76.619251,"25 N Howard St,  ZIP:- 21202",Based on Experience,Crew
Baltimore,Crew,"b'McDonalds company-owned and independent Owner-Operator restaurants are staffed by great people, and right now were looking for more of them. People with lots to offer. People like you. If youre interested (and we sure hope you are), lets get together.'",allShifts,39.290334,-76.619251,"25 N Howard St,  ZIP:- 21202",Based on Experience,Crew
Baltimore,Crew,"b'McDonalds company-owned and independent Owner-Operator restaurants are staffed by great people, and right now were looking for more of them. People with lots to offer. People like you. If youre interested (and we sure hope you are), lets get together.'",allShifts,39.292978,-76.656737,"2501 W. Franklin St.,  ZIP:- 21223",Minimum wage,Crew
Baltimore,Crew,"b'McDonalds company-owned and independent Owner-Operator restaurants are staffed by great people, and right now were looking for more of them. People with lots to offer. People like you. If youre interested (and we sure hope you are), lets get together.'",allShifts,39.179615,-76.668343,"LAVAN ENTERPRISES,INC,  ZIP:- 21094",TBD,Crew
Baltimore,Crew,"b'McDonalds company-owned and independent Owner-Operator restaurants are staffed by great people, and right now were looking for more of them. People with lots to offer. People like you. If youre interested (and we sure hope you are), lets get together.'",lateNightShift,39.290334,-76.619251,"25 N Howard St,  ZIP:- 21202",Based on Experience,Crew
Baltimore,Crew,"b'McDonalds company-owned and independent Owner-Operator restaurants are staffed by great people, and right now were looking for more of them. People with lots to offer. People like you. If youre interested (and we sure hope you are), lets get together.'",eveningShift,39.179615,-76.668343,"LAVAN ENTERPRISES,INC,  ZIP:- 21094",TBD,Crew
Baltimore,Crew,"b'McDonalds company-owned and independent Owner-Operator restaurants are staffed by great people, and right now were looking for more of them. People with lots to offer. People like you. If youre interested (and we sure hope you are), lets get together.'",openingShift,39.179615,-76.668343,"LAVAN ENTERPRISES,INC,  ZIP:- 21094",TBD,Crew
Baltimore,Crew,"b'For people whod like to work at a specific time. Like in the morning. Lifes a full-time job. But if youve still got a few hours open, think of working here. Right now, weve got all kinds of job openings  at different times of the day. And they all need friendly, responsible, hard-working people. People like you. Lets get together.'",allShifts,39.323284,-76.609934,"LAVAN ENTERPRISES INC.,  ZIP:- 21094",Depending on experience,Crew
Baltimore,Crew,"b'For people whod like to work at a specific time. Like in the morning. Lifes a full-time job. But if youve still got a few hours open, think of working here. Right now, weve got all kinds of job openings  at different times of the day. And they all need friendly, responsible, hard-working people. People like you. Lets get together.'",allShifts,39.315155,-76.544693,"6001 Moravia Road,  ZIP:- 21206",Depending on experience,Crew
Baltimore,Crew,"b'For people whod like to work at a specific time. Like in the morning. Lifes a full-time job. But if youve still got a few hours open, think of working here. Right now, weve got all kinds of job openings  at different times of the day. And they all need friendly, responsible, hard-working people. People like you. Lets get together.'",allShifts,39.372808,-76.566954,"7309 McLean Blvd.,  ZIP:- 21234",Depending on experience,Crew
Baltimore,Crew,"b'For people whod like to work at a specific time. Like in the morning. Lifes a full-time job. But if youve still got a few hours open, think of working here. Right now, weve got all kinds of job openings  at different times of the day. And they all need friendly, responsible, hard-working people. People like you. Lets get together.'",allShifts,39.350388,-76.61021,"5100 York Road,  ZIP:- 21212",Depending on experience,Crew
Baltimore,Crew,"b'For people whod like to work at a specific time. Like in the morning. Lifes a full-time job. But if youve still got a few hours open, think of working here. Right now, weve got all kinds of job openings  at different times of the day. And they all need friendly, responsible, hard-working people. People like you. Lets get together.'",allShifts,39.309395,-76.561964,"4526 Erdman Ave,  ZIP:- 21213",Depending on experience,Crew
Baltimore,Crew,"b'For people whod like to work at a specific time. Like in the morning. Lifes a full-time job. But if youve still got a few hours open, think of working here. Right now, weve got all kinds of job openings  at different times of the day. And they all need friendly, responsible, hard-working people. People like you. Lets get together.'",allShifts,39.384705,-76.577897,"6834 Loch Raven Blvd,  ZIP:- 21204",Depending on experience,Crew
Baltimore,Crew,"b'For people whod like to work at a specific time. Like in the morning. Lifes a full-time job. But if youve still got a few hours open, think of working here. Right now, weve got all kinds of job openings  at different times of the day. And they all need friendly, responsible, hard-working people. People like you. Lets get together.'",allShifts,39.343167,-76.543976,"5713 Belair Rd.,  ZIP:- 21236",Depending on experience,Crew
Baltimore,Crew,"b'For people whod like to work at a specific time.  Like late-night.  Lifes a full-time job. But if youve still got a few hours open, think of working here. Right now, weve got all kinds of job openings  at different times of the day. And they all need friendly, responsible, hard-working people. People like you. Lets get together.'",allShifts,39.384705,-76.577897,"6834 Loch Raven Blvd,  ZIP:- 21204",,Crew
Baltimore,Crew,"b'For people whod like to work at a specific time.  Like late-night.  Lifes a full-time job. But if youve still got a few hours open, think of working here. Right now, weve got all kinds of job openings  at different times of the day. And they all need friendly, responsible, hard-working people. People like you. Lets get together.'",allShifts,39.343167,-76.543976,"5713 Belair Rd.,  ZIP:- 21236",,Crew
Baltimore,Crew,"b'For people whod like to work at a specific time.  Like late-night.  Lifes a full-time job. But if youve still got a few hours open, think of working here. Right now, weve got all kinds of job openings  at different times of the day. And they all need friendly, responsible, hard-working people. People like you. Lets get together.'",allShifts,39.323284,-76.609934,"LAVAN ENTERPRISES INC.,  ZIP:- 21094",,Crew
Baltimore,Crew,"b'For people whod like to work at a specific time.  Like late-night.  Lifes a full-time job. But if youve still got a few hours open, think of working here. Right now, weve got all kinds of job openings  at different times of the day. And they all need friendly, responsible, hard-working people. People like you. Lets get together.'",allShifts,39.315155,-76.544693,"6001 Moravia Road,  ZIP:- 21206",,Crew
Baltimore,Crew,"b'For people whod like to work at a specific time.  Like late-night.  Lifes a full-time job. But if youve still got a few hours open, think of working here. Right now, weve got all kinds of job openings  at different times of the day. And they all need friendly, responsible, hard-working people. People like you. Lets get together.'",allShifts,39.372808,-76.566954,"7309 McLean Blvd.,  ZIP:- 21234",,Crew
Baltimore,Crew,"b'For people whod like to work at a specific time.  Like late-night.  Lifes a full-time job. But if youve still got a few hours open, think of working here. Right now, weve got all kinds of job openings  at different times of the day. And they all need friendly, responsible, hard-working people. People like you. Lets get together.'",allShifts,39.350388,-76.61021,"5100 York Road,  ZIP:- 21212",,Crew
Baltimore,Crew,"b'For people whod like to work at a specific time.  Like late-night.  Lifes a full-time job. But if youve still got a few hours open, think of working here. Right now, weve got all kinds of job openings  at different times of the day. And they all need friendly, responsible, hard-working people. People like you. Lets get together.'",allShifts,39.309395,-76.561964,"4526 Erdman Ave,  ZIP:- 21213",,Crew
Baltimore,Crew,"b'For people whod like to work at a specific time.  Like in the morning.  Lifes a full-time job. But if youve still got a few hours open, think of working here. Right now, weve got all kinds of job openings  at different times of the day. And they all need friendly, responsible, hard-working people. People like you. Lets get together.'",allShifts,39.313688,-76.596111,"LAVAN ENTERPRISES INC.,  ZIP:- 21094",TBD,Crew
Baltimore,Crew,"b'For people whod like to work at a specific time.  Like in the morning.  Lifes a full-time job. But if youve still got a few hours open, think of working here. Right now, weve got all kinds of job openings  at different times of the day. And they all need friendly, responsible, hard-working people. People like you. Lets get together.'",allShifts,39.271878,-76.470854,"3954 North Point Blvd.,  ZIP:- 21222",varies,Crew
Baltimore,Crew,"b'For people whod like to work at a specific time.  Like in the morning.  Lifes a full-time job. But if youve still got a few hours open, think of working here. Right now, weve got all kinds of job openings  at different times of the day. And they all need friendly, responsible, hard-working people. People like you. Lets get together.'",allShifts,39.271601,-76.602161,"LAVAN ENTERPRISES INC.,  ZIP:- 21094",TBD,Crew
Baltimore,Crew,"b'For people whod like to work at a specific time.  Like in the morning.  Lifes a full-time job. But if youve still got a few hours open, think of working here. Right now, weve got all kinds of job openings  at different times of the day. And they all need friendly, responsible, hard-working people. People like you. Lets get together.'",allShifts,39.262489,-76.526675,"2222 Dundalk Ave.,  ZIP:- 21222",varies,Crew
Baltimore,Management,"b'McDonalds company-owned and independent Owner-Operator restaurants are staffed by great people, and right now were looking for more of them. People with lots to offer. People like you. If youre interested (and we sure hope you are), lets get together.'",,39.340528,-76.590571,"P.O. Box 72659,  ZIP:- 21237",Based on Experience,Management
Baltimore,Management,"b'McDonalds company-owned and independent Owner-Operator restaurants are staffed by great people, and right now were looking for more of them. People with lots to offer. People like you. If youre interested (and we sure hope you are), lets get together.'",,39.342813,-76.568476,"P.O. Box 72659,  ZIP:- 21237",Based on Experience,Management
Baltimore,Management,"b'McDonalds company-owned and independent Owner-Operator restaurants are staffed by great people, and right now were looking for more of them. People with lots to offer. People like you. If youre interested (and we sure hope you are), lets get together.'",,39.290334,-76.619251,"25 N Howard St,  ZIP:- 21202",Based on Experience,Management
Baltimore,Management,"b'McDonalds company-owned and independent Owner-Operator restaurants are staffed by great people, and right now were looking for more of them. People with lots to offer. People like you. If youre interested (and we sure hope you are), lets get together.'",,39.315155,-76.544693,"6001 Moravia Road,  ZIP:- 21206",Depending on experience,Management
Baltimore,Management,"b'McDonalds company-owned and independent Owner-Operator restaurants are staffed by great people, and right now were looking for more of them. People with lots to offer. People like you. If youre interested (and we sure hope you are), lets get together.'",,39.309395,-76.561964,"4526 Erdman Ave,  ZIP:- 21213",Depending on experience,Management
Baltimore,Management,"b'McDonalds company-owned and independent Owner-Operator restaurants are staffed by great people, and right now were looking for more of them. People with lots to offer. People like you. If youre interested (and we sure hope you are), lets get together.'",,39.310641,-76.617139,"15 West North Avenue,  ZIP:- 21201",Based on Experience,Management
Baltimore,Management,"b'McDonalds company-owned and independent Owner-Operator restaurants are staffed by great people, and right now were looking for more of them. People with lots to offer. People like you. If youre interested (and we sure hope you are), lets get together.'",,39.384705,-76.577897,"6834 Loch Raven Blvd,  ZIP:- 21204",Depending on experience,Management
Baltimore,Management,"b'McDonalds company-owned and independent Owner-Operator restaurants are staffed by great people, and right now were looking for more of them. People with lots to offer. People like you. If youre interested (and we sure hope you are), lets get together.'",,39.287944,-76.536955,"P.O. Box 497,  ZIP:- 21029",Based upon experience - Negotiable,Management
Baltimore,Maintenance,"b'McDonalds company-owned and independent Owner-Operator restaurants are staffed by great people, and right now were looking for more of them. People with lots to offer. People like you. If youre interested (and we sure hope you are), lets get together.'",,39.342813,-76.568476,"P.O. Box 72659,  ZIP:- 21237",Premium Pay,Barista
Baltimore,Maintenance,"b'McDonalds company-owned and independent Owner-Operator restaurants are staffed by great people, and right now were looking for more of them. People with lots to offer. People like you. If youre interested (and we sure hope you are), lets get together.'",,39.310641,-76.617139,"15 West North Avenue,  ZIP:- 21201",Premium Pay,Barista
Baltimore,Maintenance,"b'McDonalds company-owned and independent Owner-Operator restaurants are staffed by great people, and right now were looking for more of them. People with lots to offer. People like you. If youre interested (and we sure hope you are), lets get together.'",,39.340528,-76.590571,"P.O. Box 72659,  ZIP:- 21237",Premium Pay,Barista
Baltimore,Maintenance,"b'McDonalds company-owned and independent Owner-Operator restaurants are staffed by great people, and right now were looking for more of them. People with lots to offer. People like you. If youre interested (and we sure hope you are), lets get together.'",,39.290334,-76.619251,"25 N Howard St,  ZIP:- 21202",Premium Pay,Barista
Baltimore,Maintenance,b'companyOwner',allShifts,39.291563,-76.50794780000001,"1020 Northpoint Blvd,  ZIP:- 21224",$13.00+,$13.00+
Baltimore,Maintenance,b'companyOwner',allShifts,39.2713976,-76.56038280000001,"5600 New O'Donnell Street Cutoff,  ZIP:- 21224",$13.00+,$13.00+
Baltimore,Maintenance,b'companyOwner',allShifts,39.337771,-76.402523,"3423 Eastern Boulevard,  ZIP:- 21220",$13.00+,$13.00+
Baltimore,Management,"b'McDonalds company-owned and independent Owner-Operator restaurants are staffed by great people, and right now were looking for more of them. People with lots to offer. People like you. If youre interested (and we sure hope you are), lets get together.'",,39.310641,-76.617139,"15 West North Avenue,  ZIP:- 21201",Based on Experience,Immediate Openings - Shift Managers
Baltimore,Management,"b'McDonalds company-owned and independent Owner-Operator restaurants are staffed by great people, and right now were looking for more of them. People with lots to offer. People like you. If youre interested (and we sure hope you are), lets get together.'",,39.340528,-76.590571,"P.O. Box 72659,  ZIP:- 21237",Based on Experience,Immediate Openings - Shift Managers
Baltimore,Management,"b'McDonalds company-owned and independent Owner-Operator restaurants are staffed by great people, and right now were looking for more of them. People with lots to offer. People like you. If youre interested (and we sure hope you are), lets get together.'",,39.290334,-76.619251,"25 N Howard St,  ZIP:- 21202",Based on Experience,Immediate Openings - Shift Managers
Baltimore,Management,"b'McDonalds company-owned and independent Owner-Operator restaurants are staffed by great people, and right now were looking for more of them. People with lots to offer. People like you. If youre interested (and we sure hope you are), lets get together.'",,39.342813,-76.568476,"P.O. Box 72659,  ZIP:- 21237",Based on Experience,Immediate Openings - Shift Managers
Baltimore,Crew,"b'You dont want to work just anyplace, and you dont want to work just anytime. Maybe its breakfast. Maybe its lunch. Maybe its late nights. Maybe its weekends. Whatever it is, you want to be challenged. And have fun. We think we can fit in. For job openings on your schedule, give us a try.'",allShifts,39.313688,-76.596111,"LAVAN ENTERPRISES INC.,  ZIP:- 21094",TBD,Crew
Baltimore,Crew,"b'You dont want to work just anyplace, and you dont want to work just anytime. Maybe its breakfast. Maybe its lunch. Maybe its late nights. Maybe its weekends. Whatever it is, you want to be challenged. And have fun. We think we can fit in. For job openings on your schedule, give us a try.'",allShifts,39.271601,-76.602161,"LAVAN ENTERPRISES INC.,  ZIP:- 21094",TBD,Crew
Baltimore,Crew,"b'You dont want to work just anyplace, and you dont want to work just anytime. Maybe its breakfast. Maybe its lunch. Maybe its late nights. Maybe its weekends. Whatever it is, you want to be challenged. And have fun. We think we can fit in. For job openings on your schedule, give us a try.'",allShifts,39.179485,-76.66862,"LAVAN ENTERPRISES, INC,  ZIP:- 21094",TBD,Crew
Baltimore,Crew,"b'You dont want to work just anyplace, and you dont want to work just anytime. Maybe its breakfast. Maybe its lunch. Maybe its late nights. Maybe its weekends. Whatever it is, you want to be challenged. And have fun. We think we can fit in. For job openings on your schedule, give us a try.'",allShifts,39.179615,-76.668343,"LAVAN ENTERPRISES,INC,  ZIP:- 21094",TBD,Crew
Baltimore,Crew,"b'You dont want to work just anyplace, and you dont want to work just anytime. Maybe its breakfast. Maybe its lunch. Maybe its late nights. Maybe its weekends. Whatever it is, you want to be challenged. And have fun. We think we can fit in. For job openings on your schedule, give us a try.'",allShifts,39.256965,-76.663815,"3223 Washington Boulevard,  ZIP:- 21230",Varies,Crew
Baltimore,Crew,"b'McDonalds company-owned and independent Owner-Operator restaurants are staffed by great people, and right now were looking for more of them. People with lots to offer. People like you. If youre interested (and we sure hope you are), lets get together.'",,39.179615,-76.668343,"LAVAN ENTERPRISES,INC,  ZIP:- 21094",TBD,Early Risers  * NEW TIMES*
Baltimore,Crew,"b'McDonalds company-owned and independent Owner-Operator restaurants are staffed by great people, and right now were looking for more of them. People with lots to offer. People like you. If youre interested (and we sure hope you are), lets get together.'",,39.179485,-76.66862,"LAVAN ENTERPRISES, INC,  ZIP:- 21094",TBD,Early Risers  * NEW TIMES*
Baltimore,Crew,"b'McDonalds company-owned and independent Owner-Operator restaurants are staffed by great people, and right now were looking for more of them. People with lots to offer. People like you. If youre interested (and we sure hope you are), lets get together.'",allShifts,39.280542,-76.671423,"3249 Frederick Drive,  ZIP:- 21229",Based on experience,Parents
Baltimore,Crew,"b'McDonalds company-owned and independent Owner-Operator restaurants are staffed by great people, and right now were looking for more of them. People with lots to offer. People like you. If youre interested (and we sure hope you are), lets get together.'",allShifts,39.313418,-76.749116,"1655 Belmont Avenue,  ZIP:- 21207",Based on experience,Parents
Baltimore,Crew,"b'McDonalds company-owned and independent Owner-Operator restaurants are staffed by great people, and right now were looking for more of them. People with lots to offer. People like you. If youre interested (and we sure hope you are), lets get together.'",allShifts,39.238874,-76.611871,"101 W. Patapsco Ave,  ZIP:- 21225",Based on experience,Parents
Baltimore,Crew,"b'McDonalds company-owned and independent Owner-Operator restaurants are staffed by great people, and right now were looking for more of them. People with lots to offer. People like you. If youre interested (and we sure hope you are), lets get together.'",allShifts,39.28911,-76.622133,"425 W Baltimore Street,  ZIP:- 21201",Based on experience,Parents
Baltimore,Crew,"b'McDonalds company-owned and independent Owner-Operator restaurants are staffed by great people, and right now were looking for more of them. People with lots to offer. People like you. If youre interested (and we sure hope you are), lets get together.'",allShifts,39.292978,-76.656737,"2501 W. Franklin St.,  ZIP:- 21223",Based on experience,Parents
Baltimore,Crew,"b'McDonalds company-owned and independent Owner-Operator restaurants are staffed by great people, and right now were looking for more of them. People with lots to offer. People like you. If youre interested (and we sure hope you are), lets get together.'",,39.313688,-76.596111,"LAVAN ENTERPRISES INC.,  ZIP:- 21094",TBD,PRIMARY MAINTENANCE
Baltimore,Crew,"b'McDonalds company-owned and independent Owner-Operator restaurants are staffed by great people, and right now were looking for more of them. People with lots to offer. People like you. If youre interested (and we sure hope you are), lets get together.'",,39.271601,-76.602161,"LAVAN ENTERPRISES INC.,  ZIP:- 21094",TBD,PRIMARY MAINTENANCE
Baltimore,Crew,"b'McDonalds company-owned and independent Owner-Operator restaurants are staffed by great people, and right now were looking for more of them. People with lots to offer. People like you. If youre interested (and we sure hope you are), lets get together.'",,39.179485,-76.66862,"LAVAN ENTERPRISES, INC,  ZIP:- 21094",TBD,PRIMARY MAINTENANCE
Baltimore,Crew,"b'McDonalds company-owned and independent Owner-Operator restaurants are staffed by great people, and right now were looking for more of them. People with lots to offer. People like you. If youre interested (and we sure hope you are), lets get together.'",,39.179615,-76.668343,"LAVAN ENTERPRISES,INC,  ZIP:- 21094",TBD,PRIMARY MAINTENANCE
Baltimore,Management,"b'McDonalds company-owned and independent Owner-Operator restaurants are staffed by great people, and right now were looking for more of them. People interested in satisfying careers with competitive benefits. People interested in growing and advancing. People with lots to offer. People like you. If youre interested (and we sure hope you are), lets get together.'",allShifts,39.2957903,-76.5690897,"3401 Pulaski Highway,  ZIP:- 21224",competitive,Department Manager
Baltimore,Management,"b'McDonalds company-owned and independent Owner-Operator restaurants are staffed by great people, and right now were looking for more of them. People interested in satisfying careers with competitive benefits. People interested in growing and advancing. People with lots to offer. People like you. If youre interested (and we sure hope you are), lets get together.'",allShifts,39.397574,-76.540546,"2107 East Joppa Road,  ZIP:- 21234",competitive,Department Manager
Baltimore,Crew,"b'McDonalds company-owned and independent Owner-Operator restaurants are staffed by great people, and right now were looking for more of them. People with lots to offer. People like you. If youre interested (and we sure hope you are), lets get together.'",,39.287944,-76.536955,"P.O. Box 497,  ZIP:- 21029",Depending on experience and Negotiable,Production & Service Associates
Baltimore,Management,"b'McDonalds company-owned and independent Owner-Operator restaurants are staffed by great people, and right now were looking for more of them. People interested in satisfying careers with competitive benefits. People interested in growing and advancing. People with lots to offer. People like you. If youre interested (and we sure hope you are), lets get together.'",allShifts,39.350388,-76.61021,"5100 York Road,  ZIP:- 21212",$9.25+,Shift manager
Baltimore,Management,"b'McDonalds company-owned and independent Owner-Operator restaurants are staffed by great people, and right now were looking for more of them. People interested in satisfying careers with competitive benefits. People interested in growing and advancing. People with lots to offer. People like you. If youre interested (and we sure hope you are), lets get together.'",allShifts,39.309395,-76.561964,"4526 Erdman Ave,  ZIP:- 21213",$9.25+,Shift manager
Baltimore,Management,"b'McDonalds company-owned and independent Owner-Operator restaurants are staffed by great people, and right now were looking for more of them. People interested in satisfying careers with competitive benefits. People interested in growing and advancing. People with lots to offer. People like you. If youre interested (and we sure hope you are), lets get together.'",allShifts,39.262489,-76.526675,"2222 Dundalk Ave.,  ZIP:- 21222",$9.15 - $13.15/hr,Shift manager
Baltimore,Management,"b'McDonalds company-owned and independent Owner-Operator restaurants are staffed by great people, and right now were looking for more of them. People interested in satisfying careers with competitive benefits. People interested in growing and advancing. People with lots to offer. People like you. If youre interested (and we sure hope you are), lets get together.'",allShifts,39.397574,-76.540546,"2107 East Joppa Road,  ZIP:- 21234",competitive,Shift manager
Baltimore,Management,"b'McDonalds company-owned and independent Owner-Operator restaurants are staffed by great people, and right now were looking for more of them. People interested in satisfying careers with competitive benefits. People interested in growing and advancing. People with lots to offer. People like you. If youre interested (and we sure hope you are), lets get together.'",allShifts,39.384705,-76.577897,"6834 Loch Raven Blvd,  ZIP:- 21204",$9.25+,Shift manager
Baltimore,Management,"b'McDonalds company-owned and independent Owner-Operator restaurants are staffed by great people, and right now were looking for more of them. People interested in satisfying careers with competitive benefits. People interested in growing and advancing. People with lots to offer. People like you. If youre interested (and we sure hope you are), lets get together.'",allShifts,39.269102,-76.50039,"7734 Wise Avenue,  ZIP:- 21222",$9.15 - $13.15/hr,Shift manager
Baltimore,Management,"b'McDonalds company-owned and independent Owner-Operator restaurants are staffed by great people, and right now were looking for more of them. People interested in satisfying careers with competitive benefits. People interested in growing and advancing. People with lots to offer. People like you. If youre interested (and we sure hope you are), lets get together.'",allShifts,39.343167,-76.543976,"5713 Belair Rd.,  ZIP:- 21236",$9.25+,Shift manager
Baltimore,Management,"b'McDonalds company-owned and independent Owner-Operator restaurants are staffed by great people, and right now were looking for more of them. People interested in satisfying careers with competitive benefits. People interested in growing and advancing. People with lots to offer. People like you. If youre interested (and we sure hope you are), lets get together.'",allShifts,39.271878,-76.470854,"3954 North Point Blvd.,  ZIP:- 21222",$9.15 - $13.15/hr,Shift manager
Baltimore,Management,"b'McDonalds company-owned and independent Owner-Operator restaurants are staffed by great people, and right now were looking for more of them. People interested in satisfying careers with competitive benefits. People interested in growing and advancing. People with lots to offer. People like you. If youre interested (and we sure hope you are), lets get together.'",allShifts,39.2957903,-76.5690897,"3401 Pulaski Highway,  ZIP:- 21224",competitive,Shift manager
Baltimore,Management,"b'McDonalds company-owned and independent Owner-Operator restaurants are staffed by great people, and right now were looking for more of them. People interested in satisfying careers with competitive benefits. People interested in growing and advancing. People with lots to offer. People like you. If youre interested (and we sure hope you are), lets get together.'",allShifts,39.372808,-76.566954,"7309 McLean Blvd.,  ZIP:- 21234",$9.25+,Shift manager
Baltimore,Management,"b'McDonalds company-owned and independent Owner-Operator restaurants are staffed by great people, and right now were looking for more of them. People interested in satisfying careers with competitive benefits. People interested in growing and advancing. People with lots to offer. People like you. If youre interested (and we sure hope you are), lets get together.'",allShifts,39.323284,-76.609934,"LAVAN ENTERPRISES INC.,  ZIP:- 21094",$9.25+,Shift manager
Baltimore,Management,"b'McDonalds company-owned and independent Owner-Operator restaurants are staffed by great people, and right now were looking for more of them. People interested in satisfying careers with competitive benefits. People interested in growing and advancing. People with lots to offer. People like you. If youre interested (and we sure hope you are), lets get together.'",allShifts,39.315155,-76.544693,"6001 Moravia Road,  ZIP:- 21206",$9.25+,Shift manager
Baltimore,Management,"b'McDonalds company-owned and independent Owner-Operator restaurants are staffed by great people, and right now were looking for more of them. People interested in satisfying careers with competitive benefits. People interested in growing and advancing. People with lots to offer. People like you. If youre interested (and we sure hope you are), lets get together.'",allShifts,39.258149,-76.60902,"2701 Port Covington,  ZIP:- 21230",See General Manager ,Shift manager
Baltimore,Maintenance,"b'McDonalds company-owned and independent Owner-Operator restaurants are staffed by great people, and right now were looking for more of them. People with lots to offer. People like you. If youre interested (and we sure hope you are), lets get together.'",,39.342813,-76.568476,"P.O. Box 72659,  ZIP:- 21237",Based on Experience,Host/Hostess - PT
Baltimore,Maintenance,"b'McDonalds company-owned and independent Owner-Operator restaurants are staffed by great people, and right now were looking for more of them. People with lots to offer. People like you. If youre interested (and we sure hope you are), lets get together.'",,39.290334,-76.619251,"25 N Howard St,  ZIP:- 21202",Based on Experience,Host/Hostess - PT
Baltimore,Maintenance,"b'McDonalds company-owned and independent Owner-Operator restaurants are staffed by great people, and right now were looking for more of them. People with lots to offer. People like you. If youre interested (and we sure hope you are), lets get together.'",,39.310641,-76.617139,"15 West North Avenue,  ZIP:- 21201",Based on Experience,Host/Hostess - PT
Baltimore,Maintenance,"b'McDonalds company-owned and independent Owner-Operator restaurants are staffed by great people, and right now were looking for more of them. People with lots to offer. People like you. If youre interested (and we sure hope you are), lets get together.'",,39.340528,-76.590571,"P.O. Box 72659,  ZIP:- 21237",Based on Experience,Host/Hostess - PT
Baltimore,Maintenance,"b'McDonalds company-owned and independent Owner-Operator restaurants are staffed by great people, and right now were looking for more of them. People with lots to offer. People like you. If youre interested (and we sure hope you are), lets get together.'",allShifts,39.310641,-76.617139,"15 West North Avenue,  ZIP:- 21201",Based on Experience,Primary Maintenance
Baltimore,Maintenance,"b'McDonalds company-owned and independent Owner-Operator restaurants are staffed by great people, and right now were looking for more of them. People with lots to offer. People like you. If youre interested (and we sure hope you are), lets get together.'",allShifts,39.340528,-76.590571,"P.O. Box 72659,  ZIP:- 21237",Based on Experience,Primary Maintenance
Baltimore,Maintenance,"b'McDonalds company-owned and independent Owner-Operator restaurants are staffed by great people, and right now were looking for more of them. People with lots to offer. People like you. If youre interested (and we sure hope you are), lets get together.'",allShifts,39.290334,-76.619251,"25 N Howard St,  ZIP:- 21202",Based on Experience,Primary Maintenance
Baltimore,Maintenance,"b'McDonalds company-owned and independent Owner-Operator restaurants are staffed by great people, and right now were looking for more of them. People with lots to offer. People like you. If youre interested (and we sure hope you are), lets get together.'",allShifts,39.342813,-76.568476,"P.O. Box 72659,  ZIP:- 21237",Based on Experience,Primary Maintenance
Baltimore,Crew,"b'For people whod like to work at a specific time. Like in the evening. Lifes a full-time job. But if youve still got a few hours open, think of working here. Right now, weve got all kinds of job openings  at different times of the day. And they all need friendly, responsible, hard-working people. People like you. Lets get together.'",allShifts,39.384705,-76.577897,"6834 Loch Raven Blvd,  ZIP:- 21204",,Crew
Baltimore,Crew,"b'For people whod like to work at a specific time. Like in the evening. Lifes a full-time job. But if youve still got a few hours open, think of working here. Right now, weve got all kinds of job openings  at different times of the day. And they all need friendly, responsible, hard-working people. People like you. Lets get together.'",allShifts,39.343167,-76.543976,"5713 Belair Rd.,  ZIP:- 21236",,Crew
Baltimore,Crew,"b'For people whod like to work at a specific time. Like in the evening. Lifes a full-time job. But if youve still got a few hours open, think of working here. Right now, weve got all kinds of job openings  at different times of the day. And they all need friendly, responsible, hard-working people. People like you. Lets get together.'",allShifts,39.323284,-76.609934,"LAVAN ENTERPRISES INC.,  ZIP:- 21094",,Crew
Baltimore,Crew,"b'For people whod like to work at a specific time. Like in the evening. Lifes a full-time job. But if youve still got a few hours open, think of working here. Right now, weve got all kinds of job openings  at different times of the day. And they all need friendly, responsible, hard-working people. People like you. Lets get together.'",allShifts,39.315155,-76.544693,"6001 Moravia Road,  ZIP:- 21206",,Crew
Baltimore,Crew,"b'For people whod like to work at a specific time. Like in the evening. Lifes a full-time job. But if youve still got a few hours open, think of working here. Right now, weve got all kinds of job openings  at different times of the day. And they all need friendly, responsible, hard-working people. People like you. Lets get together.'",allShifts,39.372808,-76.566954,"7309 McLean Blvd.,  ZIP:- 21234",,Crew
Baltimore,Crew,"b'For people whod like to work at a specific time. Like in the evening. Lifes a full-time job. But if youve still got a few hours open, think of working here. Right now, weve got all kinds of job openings  at different times of the day. And they all need friendly, responsible, hard-working people. People like you. Lets get together.'",allShifts,39.309395,-76.561964,"4526 Erdman Ave,  ZIP:- 21213",,Crew
Baltimore,Crew,"b'For people whod like to work at a specific time. Like in the evening. Lifes a full-time job. But if youve still got a few hours open, think of working here. Right now, weve got all kinds of job openings  at different times of the day. And they all need friendly, responsible, hard-working people. People like you. Lets get together.'",allShifts,39.350388,-76.61021,"5100 York Road,  ZIP:- 21212",,Crew
Baltimore,Maintenance,b'companyOwner',dayShift,39.2713976,-76.56038280000001,"5600 New O'Donnell Street Cutoff,  ZIP:- 21224",$12.00+,$12.00
Baltimore,Maintenance,b'companyOwner',dayShift,39.337771,-76.402523,"3423 Eastern Boulevard,  ZIP:- 21220",$12.00+,$12.00
Baltimore,Maintenance,b'companyOwner',dayShift,39.291563,-76.50794780000001,"1020 Northpoint Blvd,  ZIP:- 21224",$12.00+,$12.00
Baltimore,Management,"b'McDonalds company-owned and independent Owner-Operator restaurants are staffed by great people, and right now were looking for more of them. People with lots to offer. People like you. If youre interested (and we sure hope you are), lets get together.'",,39.342813,-76.568476,"P.O. Box 72659,  ZIP:- 21237",Based on Experience,Immediate Openings - Manager Trainee
Baltimore,Management,"b'McDonalds company-owned and independent Owner-Operator restaurants are staffed by great people, and right now were looking for more of them. People with lots to offer. People like you. If youre interested (and we sure hope you are), lets get together.'",,39.290334,-76.619251,"25 N Howard St,  ZIP:- 21202",Based on Experience,Immediate Openings - Manager Trainee
Baltimore,Management,"b'McDonalds company-owned and independent Owner-Operator restaurants are staffed by great people, and right now were looking for more of them. People with lots to offer. People like you. If youre interested (and we sure hope you are), lets get together.'",,39.340528,-76.590571,"P.O. Box 72659,  ZIP:- 21237",Based on Experience,Immediate Openings - Manager Trainee
Baltimore,Management,"b'McDonalds company-owned and independent Owner-Operator restaurants are staffed by great people, and right now were looking for more of them. People with lots to offer. People like you. If youre interested (and we sure hope you are), lets get together.'",,39.310641,-76.617139,"15 West North Avenue,  ZIP:- 21201",Based on Experience,Immediate Openings - Manager Trainee
Baltimore,Management,"b'McDonalds company-owned and independent Owner-Operator restaurants are staffed by great people, and right now were looking for more of them. People with lots to offer. People like you. If youre interested (and we sure hope you are), lets get together.'",,39.33941,-76.667958,"4401 Riesterstown Road,  ZIP:- 21215",VARIES,HOURLY
Baltimore,Management,"b'McDonalds company-owned and independent Owner-Operator restaurants are staffed by great people, and right now were looking for more of them. People with lots to offer. People like you. If youre interested (and we sure hope you are), lets get together.'",,39.312452,-76.737698,"6650 Security Blvd,  ZIP:- 21207",VARIES,HOURLY
Baltimore,Management,"b'McDonalds company-owned and independent Owner-Operator restaurants are staffed by great people, and right now were looking for more of them. People with lots to offer. People like you. If youre interested (and we sure hope you are), lets get together.'",,39.284708,-76.752486,"1011 North Rolling Road,  ZIP:- 21228",VARIES,HOURLY
Baltimore,Management,"b'McDonalds company-owned and independent Owner-Operator restaurants are staffed by great people, and right now were looking for more of them. People with lots to offer. People like you. If youre interested (and we sure hope you are), lets get together.'",,39.289411,-76.61348,"P.O. Box 1449,  ZIP:- 21146",VARIES,HOURLY
Baltimore,Management,"b'McDonalds company-owned and independent Owner-Operator restaurants are staffed by great people, and right now were looking for more of them. People with lots to offer. People like you. If youre interested (and we sure hope you are), lets get together.'",,39.336698,-76.712922,"6005 Liberty Road,  ZIP:- 21207",VARIES,HOURLY
Baltimore,Management,"b'McDonalds company-owned and independent Owner-Operator restaurants are staffed by great people, and right now were looking for more of them. People with lots to offer. People like you. If youre interested (and we sure hope you are), lets get together.'",,39.288543,-76.727557,"5637 Baltimore National Pike,  ZIP:- 21228",VARIES,HOURLY
Baltimore,Crew,"b'For people whod like to work at a specific time. Like lunchtime. Lifes a full-time job. But if youve still got a few hours open, think of working here. Right now, weve got all kinds of job openings  at different times of the day. And they all need friendly, responsible, hard-working people. People like you. Lets get together.'",allShifts,39.343167,-76.543976,"5713 Belair Rd.,  ZIP:- 21236",$8.25 -9.00,Crew
Baltimore,Crew,"b'For people whod like to work at a specific time. Like lunchtime. Lifes a full-time job. But if youve still got a few hours open, think of working here. Right now, weve got all kinds of job openings  at different times of the day. And they all need friendly, responsible, hard-working people. People like you. Lets get together.'",allShifts,39.355771,-76.765025,"8227 Liberty Road,  ZIP:- 21244",,Crew
Baltimore,Crew,"b'For people whod like to work at a specific time. Like lunchtime. Lifes a full-time job. But if youve still got a few hours open, think of working here. Right now, weve got all kinds of job openings  at different times of the day. And they all need friendly, responsible, hard-working people. People like you. Lets get together.'",allShifts,39.323284,-76.609934,"LAVAN ENTERPRISES INC.,  ZIP:- 21094",$8.25 -9.00,Crew
Baltimore,Crew,"b'For people whod like to work at a specific time. Like lunchtime. Lifes a full-time job. But if youve still got a few hours open, think of working here. Right now, weve got all kinds of job openings  at different times of the day. And they all need friendly, responsible, hard-working people. People like you. Lets get together.'",allShifts,39.315155,-76.544693,"6001 Moravia Road,  ZIP:- 21206",$8.25 -9.00,Crew
Baltimore,Crew,"b'For people whod like to work at a specific time. Like lunchtime. Lifes a full-time job. But if youve still got a few hours open, think of working here. Right now, weve got all kinds of job openings  at different times of the day. And they all need friendly, responsible, hard-working people. People like you. Lets get together.'",allShifts,39.372808,-76.566954,"7309 McLean Blvd.,  ZIP:- 21234",$8.25 -9.00,Crew
Baltimore,Crew,"b'For people whod like to work at a specific time. Like lunchtime. Lifes a full-time job. But if youve still got a few hours open, think of working here. Right now, weve got all kinds of job openings  at different times of the day. And they all need friendly, responsible, hard-working people. People like you. Lets get together.'",allShifts,39.309395,-76.561964,"4526 Erdman Ave,  ZIP:- 21213",$8.25 -9.00,Crew
Baltimore,Crew,"b'For people whod like to work at a specific time. Like lunchtime. Lifes a full-time job. But if youve still got a few hours open, think of working here. Right now, weve got all kinds of job openings  at different times of the day. And they all need friendly, responsible, hard-working people. People like you. Lets get together.'",allShifts,39.350388,-76.61021,"5100 York Road,  ZIP:- 21212",$8.25 -9.00,Crew
Baltimore,Crew,"b'For people whod like to work at a specific time. Like lunchtime. Lifes a full-time job. But if youve still got a few hours open, think of working here. Right now, weve got all kinds of job openings  at different times of the day. And they all need friendly, responsible, hard-working people. People like you. Lets get together.'",allShifts,39.384705,-76.577897,"6834 Loch Raven Blvd,  ZIP:- 21204",$8.25 -9.00,Crew
